{
  "parameters": {
    "model_order": 30,
    "freq_range": [
      0.0,
      500.0
    ],
    "window_length_frac": 0.33,
    "fs": 48000
  },
  "results": [
    {
      "filename": "point_57_response.txt",
      "point_id": 57,
      "success": true,
      "n_modes": 5,
      "frequencies": [
        410.989678564584,
        301.30899153062967,
        251.59608453401245,
        125.3349086418183,
        75.299374235773
      ],
      "damping_ratios": [
        0.01024582671080611,
        0.045128235817241666,
        0.02478739530337862,
        0.03197631618139325,
        0.059653481598174116
      ],
      "poles": [
        [
          -26.459436241003633,
          2582.324309759455
        ],
        [
          -85.52301445627633,
          1893.1802285063507
        ],
        [
          -39.19657309131904,
          1580.8248216880202
        ],
        [
          -25.194311235514316,
          787.5024564549685
        ],
        [
          -28.273601726343454,
          473.119921838026
        ]
      ],
      "contact_end_sample": 13,
      "contact_duration_ms": 0.2708333333333333,
      "n_samples_processed": 28787
    },
    {
      "filename": "point_60_response.txt",
      "point_id": 60,
      "success": true,
      "n_modes": 6,
      "frequencies": [
        425.1334197693004,
        342.1239285776419,
        260.50857782344815,
        221.18781720780376,
        125.66937106255105,
        75.20700065148336
      ],
      "damping_ratios": [
        0.0019874225521691507,
        0.023381234813291393,
        0.0037897933199642618,
        0.062121591033667975,
        0.031986043611518696,
        0.03436129244090016
      ],
      "poles": [
        [
          -5.308797819115459,
          2671.1920566854797
        ],
        [
          -50.27470201379035,
          2149.628041273598
        ],
        [
          -6.203267952604743,
          1636.8236685745392
        ],
        [
          -86.50142334422104,
          1389.7640432071967
        ],
        [
          -25.26923612092227,
          789.6039458227202
        ],
        [
          -16.246662725059114,
          472.5395214904458
        ]
      ],
      "contact_end_sample": 20,
      "contact_duration_ms": 0.4166666666666667,
      "n_samples_processed": 28780
    },
    {
      "filename": "point_65_response.txt",
      "point_id": 65,
      "success": true,
      "n_modes": 7,
      "frequencies": [
        382.2378445090128,
        310.6332667497565,
        264.98489656230123,
        215.6994016950693,
        125.87589664856058,
        76.80281486716477,
        21.17158699201699
      ],
      "damping_ratios": [
        0.023122269819355612,
        0.030561176304680436,
        0.013116531420586794,
        0.06511694467793704,
        0.030403103118576552,
        0.03939971687762723,
        0.01117132378827769
      ],
      "poles": [
        [
          -55.54694047516728,
          2401.6712084670244
        ],
        [
          -59.6761512103304,
          1951.766377563267
        ],
        [
          -21.84023742478347,
          1664.9492087047536
        ],
        [
          -88.43934812455828,
          1355.279311497887
        ],
        [
          -24.05698351665314,
          790.901584350292
        ],
        [
          -19.02775078418435,
          482.5663179234036
        ],
        [
          -1.4861581332004061,
          133.0250043179156
        ]
      ],
      "contact_end_sample": 7,
      "contact_duration_ms": 0.14583333333333334,
      "n_samples_processed": 28793
    },
    {
      "filename": "point_70_response.txt",
      "point_id": 70,
      "success": true,
      "n_modes": 6,
      "frequencies": [
        383.2056695313279,
        309.10720291692644,
        265.92197836270833,
        229.39235828952013,
        126.3877916290067,
        19.295608310422214
      ],
      "damping_ratios": [
        0.01840129330780419,
        0.04716438226354373,
        0.03065564532259512,
        0.10059935740978912,
        0.028932953124863266,
        0.06791987387695475
      ],
      "poles": [
        [
          -44.31325807949393,
          2407.7522324271554
        ],
        [
          -91.70367109586051,
          1942.177835711011
        ],
        [
          -51.244673254153554,
          1670.8370673046968
        ],
        [
          -145.73464151000306,
          1441.3146951839883
        ],
        [
          -22.985799322938608,
          794.11791537025
        ],
        [
          -8.253520900111393,
          121.23788262913718
        ]
      ],
      "contact_end_sample": 6,
      "contact_duration_ms": 0.125,
      "n_samples_processed": 28794
    },
    {
      "filename": "point_74_response.txt",
      "point_id": 74,
      "success": true,
      "n_modes": 7,
      "frequencies": [
        488.32875434850905,
        384.2025158056555,
        308.4101259826255,
        265.8543603219848,
        219.73412065160255,
        126.53828696407628,
        24.902791754845794
      ],
      "damping_ratios": [
        0.03632795349387172,
        0.02436623405178155,
        0.03816882725557875,
        0.022437904780678808,
        0.07300099400642543,
        0.03006700960622249,
        0.04178648328944299
      ],
      "poles": [
        [
          -111.53723183097665,
          3068.2600543958615
        ],
        [
          -58.837938198418136,
          2414.015602291527
        ],
        [
          -74.0174121874589,
          1937.7979721594377
        ],
        [
          -37.489988661413605,
          1670.4122106247225
        ],
        [
          -101.05701028158056,
          1380.6301983641756
        ],
        [
          -23.915994829589927,
          795.0635054483582
        ],
        [
          -6.543998973527146,
          156.46885526180003
        ]
      ],
      "contact_end_sample": 34,
      "contact_duration_ms": 0.7083333333333334,
      "n_samples_processed": 28766
    },
    {
      "filename": "point_79_response.txt",
      "point_id": 79,
      "success": true,
      "n_modes": 4,
      "frequencies": [
        138.18761989510165,
        274.8973383510892,
        311.340050819502,
        384.72191675666227
      ],
      "damping_ratios": [
        0.04611637573659717,
        0.01473799863148196,
        0.03655370161441327,
        0.027230931806243325
      ],
      "poles": [
        [
          -40.08357763105356,
          868.2584229590201
        ],
        [
          -25.45869196919755,
          1727.2309173103392
        ],
        [
          -71.55443602122463,
          1956.2072328456404
        ],
        [
          -65.84918107494154,
          2417.279094715428
        ]
      ],
      "contact_end_sample": 15,
      "contact_duration_ms": 0.3125,
      "n_samples_processed": 28785
    },
    {
      "filename": "point_80_response.txt",
      "point_id": 80,
      "success": true,
      "n_modes": 3,
      "frequencies": [
        385.3472440352284,
        307.6469885209264,
        262.25745900095546
      ],
      "damping_ratios": [
        0.027659549872565293,
        0.02788241708547979,
        0.011806480271556454
      ],
      "poles": [
        [
          -66.99515960258745,
          2421.2081418842936
        ],
        [
          -53.9177596299848,
          1933.0030380727317
        ],
        [
          -19.456218462472023,
          1647.8122130930562
        ]
      ],
      "contact_end_sample": 33,
      "contact_duration_ms": 0.6875,
      "n_samples_processed": 28767
    },
    {
      "filename": "point_81_response.txt",
      "point_id": 81,
      "success": true,
      "n_modes": 4,
      "frequencies": [
        446.6985525748343,
        386.57050860741134,
        304.4364912183412,
        22.602079024375797
      ],