{
  "parameters": {
    "model_order": 30,
    "freq_range": [
      0.0,
      500.0
    ],
    "window_length_frac": 0.33,
    "fs": 48000
  },
  "results": [
    {
      "filename": "point_57_response.txt",
      "point_id": 57,
      "success": true,
      "n_modes": 1,
      "frequencies": [
        126.52667632926774
      ],
      "damping_ratios": [
        0.035443093204492085
      ],
      "poles": [
        [
          -28.18168711126151,
          794.9905536783223
        ]
      ],
      "contact_end_sample": 13,
      "contact_duration_ms": 0.2708333333333333,
      "n_samples_processed": 28787
    },
    {
      "filename": "point_60_response.txt",
      "point_id": 60,
      "success": true,
      "n_modes": 1,
      "frequencies": [
        126.08134168202295
      ],
      "damping_ratios": [
        0.038029317180039046
      ],
      "poles": [
        [
          -30.14908388073104,
          792.1924335659758
        ]
      ],
      "contact_end_sample": 20,
      "contact_duration_ms": 0.4166666666666667,
      "n_samples_processed": 28780
    },
    {
      "filename": "point_65_response.txt",
      "point_id": 65,
      "success": true,
      "n_modes": 11,
      "frequencies": [
        382.01181624322146,
        125.93026168979098,
        311.27201301149154,
        219.23837335519195,
        265.80110739974754,
        214.1968111956373,
        74.67925629363306,
        75.59361240544092,
        21.225937692761587,
        395.8500159280716,
        265.3948842034018
      ],
      "damping_ratios": [
        0.02486434421261411,
        0.03030154954179992,
        0.030515154642570468,
        0.05008270966881746,
        0.011507372210698771,
        0.06406940332600965,
        0.04550467683122895,
        0.04023567480578661,
        0.011102402667782013,
        0.006255878640930864,
        0.011590738012372152
      ],
      "poles": [
        [
          -59.69275371678449,
          2400.2510309883974
        ],
        [
          -23.98700947139877,
          791.243169978575
        ],
        [
          -59.71534390975823,
          1955.7797386900165
        ],
        [
          -69.05918250558636,
          1377.5153262352947
        ],
        [
          -19.219064586941187,
          1670.0776126461574
        ],
        [
          -86.41068656836504,
          1345.838256949148
        ],
        [
          -21.291679336613882,
          469.22360589525397
        ],
        [
          -19.081701862253592,
          474.9686747824949
        ],
        [
          -1.4807327892965607,
          133.36649984226895
        ],
        [
          -15.559919604028156,
          2487.199003926065
        ],
        [
          -19.326919094211306,
          1667.525237027442
        ]
      ],
      "contact_end_sample": 7,
      "contact_duration_ms": 0.14583333333333334,
      "n_samples_processed": 28793
    },
    {
      "filename": "point_70_response.txt",
      "point_id": 70,
      "success": true,
      "n_modes": 14,
      "frequencies": [
        126.24212776713287,
        374.172726096497,
        307.48898720751276,
        263.80133815649214,
        382.9119974142894,
        308.9844951324996,
        212.52103792146156,
        265.2140230832397,
        487.89124260303106,
        209.27684409635395,
        231.79258757604012,
        19.267584293411954,
        229.39235828952266,
        19.295608310421194
      ],
      "damping_ratios": [
        0.02935426231660679,
        0.05458899222054009,
        0.027830102233084186,
        0.012390099611432115,
        0.020932263664722922,
        0.04106022919356881,
        0.07337770804564338,
        0.021796058854770615,
        0.04198282254036656,
        0.071346250309346,
        0.16995334995119346,
        0.040028828157165346,
        0.10059935740978401,
        0.06791987387682748
      ],
      "poles": [
        [
          -23.295129568037794,
          793.2026823335373
        ],
        [
          -128.46419712769213,
          2350.996574956842
        ],
        [
          -53.875749418773864,
          1932.0102865417757
        ],
        [
          -20.5925265618801,
          1657.5126919191848
        ],
        [
          -50.36748490244305,
          2405.9070360962505
        ],
        [
          -79.77996643401814,
          1941.406839962824
        ],
        [
          -98.21083886565286,
          1335.3090629346827
        ],
        [
          -36.3542097371268,
          1666.3888530945992
        ],
        [
          -128.8540472076861,
          3065.511087024956
        ],
        [
          -94.08067670878886,
          1314.9251919591243
        ],
        [
          -251.1733848245746,
          1456.3957805709128
        ],
        [
          -4.850113231736713,
          121.06180253721013
        ],
        [
          -145.7346415099972,
          1441.3146951840042
        ],
        [
          -8.25352090009542,
          121.23788262913077
        ]
      ],
      "contact_end_sample": 6,
      "contact_duration_ms": 0.125,
      "n_samples_processed": 28794
    },
    {
      "filename": "point_74_response.txt",
      "point_id": 74,
      "success": true,
      "n_modes": 6,
      "frequencies": [
        489.55131647338845,
        127.23603906711355,
        376.93828580879256,
        308.32182325492926,
        310.2998922746843,
        494.9390868965459
      ],
      "damping_ratios": [
        0.01419934610078439,
        0.02807259802526265,
        0.03306986177089754,
        0.01971088709024914,
        0.021336339267591237,
        0.009851024222253566
      ],
      "poles": [
        [
          -43.6807636257825,
          3075.941638776018
        ],
        [
          -22.42464667829112,
          799.4476112102157
        ],
        [
          -78.3628673878801,
          2368.3730991072653
        ],
        [
          -38.20212385973693,
          1937.2431497581929
        ],
        [
          -41.618730554106044,
          1949.6717239597049
        ],
        [
          -30.63614255050673,
          3109.793998737258
        ]
      ],
      "contact_end_sample": 34,
      "contact_duration_ms": 0.7083333333333334,
      "n_samples_processed": 28766
    },
    {
      "filename": "point_79_response.txt",
      "point_id": 79,
      "success": true,
      "n_modes": 18,
      "frequencies": [
        313.8018381585358,
        382.02249729854555,
        181.97736952647656,
        298.4435834070515,
        357.9176975755349,
        398.65328679925415,
        485.73527175424135,
        384.55145180423466,
        126.78700688085917,
        264.7051647917867,
        307.0083778822858,
        151.26788780310747,
        283.824626601021,
        318.1008415654534,
        205.7413799217426,
        21.339135475222648,
        138.1876198950994,
        274.89733835108905
      ],
      "damping_ratios": [
        0.03615801877069107,
        0.02870546824352263,
        0.03270743801505509,
        0.010818896767325833,
        0.08730429291807837,
        0.01376560917106176,
        0.03430522724650204,
        0.0267068600700901,
        0.031243190123288543,
        0.018922821586769285,
        0.0321985657533347,
        0.08018497123815525,
        0.014574227237665688,
        0.04924099060909334,
        0.06296357577428204,
        0.04451208009131464,
        0.04611637573656145,
        0.01473799863146963
      ],