{
  "matrix_shape_full": [
    256,
    28545
  ],
  "matrix_shape_used": [
    256,
    8000
  ],
  "cpu": {
    "elapsed_sec": 0.4139417000114918,
    "U_shape": [
      256,
      256
    ],
    "s_len": 256,
    "Vt_shape": [
      256,
      8000
    ],
    "cols_used": 8000
  },
  "gpu": {
    "gpu_available": true,
    "elapsed_sec": 0.2061881001573056,
    "U_shape": [
      256,
      256
    ],
    "s_len": 256,
    "Vt_shape": [
      256,
      8000
    ],
    "cols_used": 8000
  },
  "sigma_first8": [
    62.69962718676139,
    55.142546472440834,
    42.454262949009106,
    38.15753600970552,
    33.89464892085718,
    33.46887055410996,
    26.690410840152182,
    24.917178208511483
  ]
}